ticker,composite_rank,composite_score,z_score,expected_excess_return,volatility,drawdown,cluster_id,defensive_multiplier,defensive_bucket,defensive_notes,severity,stage_bucket,market_cap_bucket,rankable,momentum_score,momentum_window,momentum_alpha,catalyst_score,catalyst_effective_score,catalyst_proximity_score,smart_money_score,smart_money_overlap,smart_money_tier1_holders,short_interest_score,short_interest_crowding,short_interest_squeeze,valuation_score,valuation_method,valuation_confidence,partnership_score,partnership_strength,partnership_top_partners,fda_designation_score,fda_designations,competitive_intensity_score,competitive_crowding_level,pipeline_diversity_score,pipeline_risk_profile,confidence_overall,confidence_financial,confidence_clinical,confidence_catalyst,confidence_pos
NVAX,1,68.46,,,,,,,,,none,late,small,True,46.22,60,-0.0280,58.90,45.84,15.38,57.20,4,,76.00,HIGH,HIGH,90.00,ev_revenue,0.8000,56.75,exceptional,Sanofi,58,FT,100.0,highly_crowded,86.0,broad_portfolio,0.83000,0.95,0.95,0.45,0.7
CHRS,2,65.56,,,,,,,,,none,late,micro,True,92.75,60,0.7180,98.00,80.39,39.31,50.00,0,,76.00,MEDIUM,HIGH,90.00,mcap_per_trial,0.8000,50,unknown,,50,,75.0,uncrowded,86.0,broad_portfolio,0.87500,0.95,0.95,0.65,0.7
BIIB,3,63.70,,,,,,,,,none,late,large,True,40.05,60,-0.0737,88.00,72.42,36.05,62.60,10,,75.00,LOW,LOW,69.29,ev_cfo,0.8000,50,unknown,,73.8,ODD; BTD; FT,75.0,uncrowded,88.0,broad_portfolio,0.87000,0.95,0.95,0.65,0.7
IRWD,4,63.51,,,,,,,,,none,late,small,True,92.75,60,2.1626,50.00,50.00,0,50.00,0,,57.00,LOW,LOW,53.57,ev_cfo,0.8000,50,unknown,,50,,75.0,uncrowded,80.0,broad_portfolio,0.83500,0.95,0.95,0.45,0.7
CTNM,5,63.19,,,,,,,,,none,mid,small,True,92.75,60,0.3278,83.12,63.08,16.32,57.20,4,Baker Bros; RA Capital,47.00,LOW,LOW,64.55,mcap_per_trial,0.8000,50,unknown,,50,,90.0,moderate,78.0,diversified,0.83500,0.95,0.95,0.45,0.7
EBS,6,63.09,,,,,,,,,none,late,small,True,38.82,60,-0.0828,50.00,50.00,0,50.00,0,,73.00,MEDIUM,MODERATE,79.29,ev_cfo,0.8000,50,unknown,,50,,75.0,uncrowded,75.0,diversified,0.83000,0.95,0.95,0.45,0.7
VNDA,7,62.79,,,,,,,,,none,late,small,True,92.75,60,0.4860,80.00,73.10,57.00,53.60,4,,75.00,LOW,LOW,90.00,mcap_per_trial,0.8000,50,unknown,,50,,75.0,uncrowded,88.0,broad_portfolio,0.83500,0.95,0.95,0.45,0.7
BEAM,8,62.72,,,,,,,,,none,early,mid,True,58.37,60,0.0620,50.00,50.00,0,50.00,0,,80.00,MEDIUM,HIGH,16.07,mcap_per_trial,0.8000,61.81,exceptional,Pfizer; Eli Lilly,76.2,ODD; BTD; RMAT,75.0,uncrowded,75.0,diversified,0.83000,0.95,0.95,0.45,0.7
ENTA,9,62.11,,,,,,,,,none,mid,small,True,58.67,60,0.0642,50.00,50.00,0,56.00,4,,65.00,LOW,LOW,90.00,mcap_per_trial,0.8000,50,unknown,,50,,90.0,moderate,82.0,broad_portfolio,0.83000,0.95,0.95,0.45,0.7
TBPH,10,61.69,,,,,,,,,none,late,small,True,63.47,60,0.0998,50.00,50.00,0,50.00,0,,79.00,MEDIUM,MODERATE,90.00,ev_cfo,0.8000,50,unknown,,50,,100.0,highly_crowded,84.0,broad_portfolio,0.83000,0.95,0.95,0.45,0.7
AMGN,11,61.57,,,,,,,,,none,late,large,True,39.56,60,-0.0773,80.00,81.02,83.41,53.00,5,,61.00,LOW,LOW,50.71,ev_cfo,0.8000,50,unknown,,73.8,ODD; BTD; FT,75.0,uncrowded,88.0,broad_portfolio,0.87000,0.95,0.95,0.65,0.7
DNLI,12,61.36,,,,,,,,,none,mid,mid,True,65.66,60,0.1160,50.00,50.00,0,53.40,2,Baker Bros,65.00,LOW,MODERATE,40.91,mcap_per_trial,0.8000,45.82,exceptional,Biogen,50,,75.0,uncrowded,75.0,diversified,0.83000,0.95,0.95,0.45,0.7
XNCR,13,61.29,,,,,,,,,none,mid,small,True,36.83,60,-0.0975,98.00,80.39,39.31,62.00,6,Baker Bros,74.00,MEDIUM,HIGH,75.45,mcap_per_trial,0.8000,35.62,strong,Janssen,64.8,ODD; FT,100.0,highly_crowded,82.0,broad_portfolio,0.87000,0.95,0.95,0.65,0.7
ESPR,14,61.27,,,,,,,,,none,late,small,True,62.30,60,0.0911,50.00,50.00,0,60.80,5,,56.00,LOW,MODERATE,55.85,ev_revenue,0.8000,50,unknown,,50,,100.0,highly_crowded,86.0,broad_portfolio,0.83000,0.95,0.95,0.45,0.7
ALT,15,61.20,,,,,,,,,none,late,small,True,92.75,60,0.3068,50.00,50.00,0,53.60,2,,56.00,MEDIUM,MODERATE,90.00,mcap_per_trial,0.8000,50,unknown,,50,,100.0,highly_crowded,88.0,broad_portfolio,0.83500,0.95,0.95,0.45,0.7
ARVN,16,60.36,,,,,,,,,none,mid,small,True,88.46,60,0.2699,50.00,50.00,0,52.40,2,,76.00,LOW,LOW,90.00,ev_revenue,0.8000,50,unknown,,50,,100.0,highly_crowded,64.0,focused,0.83500,0.95,0.95,0.45,0.7
BMRN,17,59.17,,,,,,,,,none,late,large,True,19.81,60,-0.2119,50.00,50.00,0,50.00,0,,60.00,LOW,LOW,72.14,ev_cfo,0.8000,43.75,strong,Sarepta,69.0,ODD; BTD,75.0,uncrowded,83.0,broad_portfolio,0.83500,0.95,0.95,0.45,0.7
NVCR,18,59.15,,,,,,,,,none,late,small,True,22.93,60,-0.1900,98.67,80.93,39.54,52.40,1,,57.00,LOW,MODERATE,83.51,ev_revenue,0.8000,50,unknown,,50,,100.0,highly_crowded,83.0,broad_portfolio,0.87500,0.95,0.95,0.65,0.7
HRTX,19,58.89,,,,,,,,,none,late,micro,True,28.33,60,-0.1520,50.00,50.00,0,54.00,1,Baker Bros,87.00,MEDIUM,HIGH,90.00,mcap_per_trial,0.8000,50,unknown,,50,,75.0,uncrowded,88.0,broad_portfolio,0.83500,0.95,0.95,0.45,0.7
ANRO,20,58.70,,,,,,,,,none,late,small,True,92.75,60,1.1037,97.76,84.74,54.36,54.20,2,,72.00,LOW,LOW,84.16,mcap_per_trial,0.8000,50,unknown,,50,,100.0,highly_crowded,68.0,diversified,0.87500,0.95,0.95,0.65,0.7
MBX,21,58.37,,,,,,,,,none,mid,small,True,92.75,60,0.7197,50.00,50.00,0,60.60,6,Baker Bros,64.00,LOW,LOW,33.64,mcap_per_trial,0.8000,50,unknown,,50,,90.0,moderate,75.0,diversified,0.83500,0.95,0.95,0.45,0.7
UPB,22,57.77,,,,,,,,,none,mid,small,True,77.62,60,0.1938,86.00,70.83,35.43,58.40,4,,57.00,LOW,MODERATE,28.18,mcap_per_trial,0.8000,50,unknown,,50,,75.0,uncrowded,75.0,diversified,0.87500,0.95,0.95,0.65,0.7
CGEM,23,57.52,,,,,,,,,none,early,small,True,88.32,60,0.2689,94.55,85.96,65.93,52.40,1,,63.00,MEDIUM,MODERATE,58.93,mcap_per_trial,0.8000,50,unknown,,50,,100.0,highly_crowded,63.0,focused,0.87500,0.95,0.95,0.65,0.7
JAZZ,24,57.41,,,,,,,,,none,late,large,True,49.88,60,-0.0009,65.60,56.16,34.14,59.60,4,,66.00,LOW,MODERATE,73.57,ev_cfo,0.8000,50,unknown,,50,,75.0,uncrowded,88.0,broad_portfolio,0.83000,0.95,0.95,0.45,0.7
IONS,25,57.11,,,,,,,,,none,late,large,True,67.05,60,0.1263,80.00,74.96,63.20,54.00,1,Baker Bros,71.00,LOW,MODERATE,16.49,ev_revenue,0.8000,72.35,exceptional,Biogen; Roche; AstraZeneca,64.8,ODD; FT,75.0,uncrowded,88.0,broad_portfolio,0.83000,0.95,0.95,0.45,0.7
ALKS,26,56.84,,,,,,,,,none,late,mid,True,40.30,60,-0.0719,50.00,50.00,0,66.60,7,Baker Bros,67.00,MEDIUM,MODERATE,77.86,ev_cfo,0.8000,50,unknown,,50,,100.0,highly_crowded,80.0,broad_portfolio,0.83000,0.95,0.95,0.45,0.7
EWTX,27,56.30,,,,,,,,,none,mid,mid,True,92.75,60,0.4750,50.00,50.00,0,65.00,9,Baker Bros; RA Capital,69.00,LOW,MODERATE,35.45,mcap_per_trial,0.8000,50,unknown,,50,,75.0,uncrowded,72.0,diversified,0.83500,0.95,0.95,0.45,0.7
QURE,28,56.27,,,,,,,,,none,early,small,True,7.25,60,-0.3084,50.00,50.00,0,63.60,5,RA Capital,48.00,MEDIUM,LOW,73.21,mcap_per_trial,0.8000,50,unknown,,50,,75.0,uncrowded,80.0,broad_portfolio,0.83500,0.95,0.95,0.45,0.7
COLL,29,55.81,,,,,,,,,none,late,small,True,49.68,60,-0.0024,50.00,50.00,0,50.00,0,,84.00,MEDIUM,HIGH,85.00,ev_cfo,0.8000,50,unknown,,50,,100.0,highly_crowded,78.0,diversified,0.83000,0.95,0.95,0.45,0.7
INCY,30,54.68,,,,,,,,,none,late,large,True,29.94,60,-0.1486,83.63,88.54,100.00,55.40,2,Baker Bros,55.00,LOW,LOW,60.71,ev_cfo,0.8000,59.83,exceptional,Novartis; Eli Lilly,69.0,ODD; BTD,100.0,highly_crowded,88.0,broad_portfolio,0.87000,0.95,0.95,0.65,0.7
IMRX,31,53.90,,,,,,,,,none,early,small,True,13.83,60,-0.2538,50.00,50.00,0,58.40,4,,52.00,MEDIUM,MODERATE,50,neutral,0.2,50,unknown,,50,,100.0,highly_crowded,42.0,concentrated,0.74500,0.95,0.85,0.45,0.7
ASMB,32,53.72,,,,,,,,,none,mid,small,True,16.74,60,-0.2334,50.00,46.79,39.31,50.00,0,,50,UNKNOWN,UNKNOWN,84.55,mcap_per_trial,0.8000,50,unknown,,50,,100.0,highly_crowded,79.0,broad_portfolio,0.87500,0.95,0.95,0.65,0.7
KYMR,33,53.71,,,,,,,,,none,mid,mid,True,59.31,60,0.0690,50.00,50.00,0,56.00,4,Baker Bros,73.00,LOW,MODERATE,13.64,mcap_per_trial,0.8000,60.46,exceptional,Sanofi; Vertex,64.8,ODD; FT,100.0,crowded,78.0,diversified,0.83000,0.95,0.95,0.45,0.7
CRSP,34,53.24,,,,,,,,,none,early,mid,True,7.25,60,-0.3106,50.00,50.00,0,54.80,2,,84.00,MEDIUM,HIGH,10.00,mcap_per_trial,0.8000,56.46,exceptional,Vertex; Regeneron,81.0,ODD; BTD; FT; RMAT,75.0,uncrowded,78.0,diversified,0.83500,0.95,0.95,0.45,0.7
VERA,35,53.22,,,,,,,,,none,late,mid,True,92.75,60,0.4784,86.96,66.24,17.90,56.60,6,,75.00,LOW,LOW,36.34,mcap_per_trial,0.8000,46.41,strong,Eli Lilly,50,,100.0,highly_crowded,82.0,broad_portfolio,0.83500,0.95,0.95,0.45,0.7
PBYI,36,53.14,,,,,,,,,none,late,small,True,64.69,60,0.1088,50.00,50.00,0,50.00,0,,63.00,LOW,LOW,83.57,ev_cfo,0.8000,50,unknown,,50,,100.0,highly_crowded,83.0,broad_portfolio,0.83000,0.95,0.95,0.45,0.7
UTHR,37,52.84,,,,,,,,,none,late,large,True,44.12,60,-0.0435,50.00,50.00,0,59.60,4,,60.00,LOW,LOW,70.71,ev_cfo,0.8000,50,unknown,,69.0,ODD; BTD,100.0,highly_crowded,86.0,broad_portfolio,0.83000,0.95,0.95,0.45,0.7
LAB,38,52.82,,,,,,,,,none,late,small,True,44.70,60,-0.0392,50.00,50.00,0,52.40,1,,67.00,LOW,LOW,89.75,mcap_per_trial,0.8000,50,unknown,,50,,75.0,uncrowded,83.0,broad_portfolio,0.83000,0.95,0.95,0.45,0.7
GH,39,52.58,,,,,,,,,none,late,large,True,91.19,60,0.2891,73.70,57.61,20.07,57.20,7,,55.00,LOW,LOW,10.00,ev_revenue,0.8000,50,unknown,,50,,75.0,uncrowded,86.0,broad_portfolio,0.83500,0.95,0.95,0.45,0.7
SUPN,40,51.94,,,,,,,,,none,late,mid,True,16.45,60,-0.2354,50.00,50.00,0,50.00,0,,79.00,LOW,MODERATE,12.86,ev_cfo,0.8000,50,unknown,,50,,100.0,highly_crowded,83.0,broad_portfolio,0.83500,0.95,0.95,0.45,0.7
VTRS,41,51.87,,,,,,,,,none,late,large,True,55.64,60,0.0418,50.00,50.00,0,50.00,0,,68.00,LOW,LOW,65.00,ev_cfo,0.8000,50,unknown,,50,,75.0,uncrowded,88.0,broad_portfolio,0.83000,0.95,0.95,0.45,0.7
ELVN,42,51.70,,,,,,,,,none,early,small,True,74.46,60,0.1716,50.00,50.00,0,51.60,4,Baker Bros,73.00,MEDIUM,MODERATE,10.00,mcap_per_trial,0.8000,50,unknown,,50,,100.0,highly_crowded,42.0,concentrated,0.80500,0.95,0.85,0.45,0.7
AARD,43,51.51,,,,,,,,,none,late,small,True,50.90,60,0.0067,73.52,59.37,26.36,52.40,1,,53.00,LOW,MODERATE,81.06,mcap_per_trial,0.8000,50,unknown,,50,,75.0,uncrowded,78.0,diversified,0.83000,0.95,0.95,0.45,0.7
FTRE,44,51.25,,,,,,,,,none,early,small,True,92.75,60,0.5283,50.00,50.00,0,50.00,0,,71.00,MEDIUM,MODERATE,90.00,ev_revenue,0.8000,50,unknown,,50,,90.0,highly_crowded,35.0,single_asset,0.80500,0.95,0.85,0.45,0.7
SIGA,45,51.13,,,,,,,,,none,late,small,True,7.25,60,-0.3841,50.00,50.00,0,50.00,0,,56.00,LOW,LOW,90.00,ev_cfo,0.8000,50,unknown,,61.0,FT; PR,100.0,highly_crowded,79.0,diversified,0.83500,0.95,0.95,0.45,0.7
ALDX,46,51.07,,,,,,,,,none,late,small,True,28.06,60,-0.1539,50.00,50.00,0,54.80,2,,50,UNKNOWN,UNKNOWN,90.00,mcap_per_trial,0.8000,50,unknown,,50,,75.0,uncrowded,84.0,broad_portfolio,0.83500,0.95,0.95,0.45,0.7
MNKD,47,50.92,,,,,,,,,none,late,small,True,47.81,60,-0.0162,63.40,49.41,16.78,50.00,0,,53.00,LOW,LOW,12.86,ev_cfo,0.8000,50,unknown,,50,,100.0,highly_crowded,88.0,broad_portfolio,0.83000,0.95,0.95,0.45,0.7
RIGL,48,50.74,,,,,,,,,none,late,small,True,35.68,60,-0.1061,50.00,50.00,0,50.60,1,,57.00,MEDIUM,MODERATE,82.14,ev_cfo,0.8000,50,unknown,,50,,75.0,uncrowded,88.0,broad_portfolio,0.83000,0.95,0.95,0.45,0.7
JANX,49,50.53,,,,,,,,,none,early,small,True,7.25,60,-0.5851,50.00,50.00,0,57.00,6,RA Capital,48.00,MEDIUM,LOW,41.07,mcap_per_trial,0.8000,50,unknown,,50,,100.0,highly_crowded,67.0,focused,0.80500,0.95,0.85,0.45,0.7
NBIX,50,50.44,,,,,,,,,none,late,large,True,13.00,60,-0.2597,73.80,78.40,89.14,67.40,11,,60.00,LOW,LOW,46.43,ev_cfo,0.8000,38.30,strong,Takeda,69.0,ODD; BTD,75.0,uncrowded,88.0,broad_portfolio,0.83500,0.95,0.95,0.45,0.7
APLS,51,50.04,,,,,,,,,none,late,mid,True,9.07,60,-0.2872,50.00,50.00,0,54.80,2,,71.00,MEDIUM,MODERATE,32.14,ev_cfo,0.8000,49.75,exceptional,Swedish Orphan Biovitrum,69.0,ODD; BTD,75.0,uncrowded,86.0,broad_portfolio,0.83500,0.95,0.95,0.45,0.7
TARS,52,49.90,,,,,,,,,none,early,mid,True,22.77,60,-0.1911,50.00,50.00,0,59.60,6,,86.00,LOW,MODERATE,38.83,ev_revenue,0.8000,50,unknown,,50,,75.0,uncrowded,68.0,diversified,0.83500,0.95,0.95,0.45,0.7
INVA,53,49.84,,,,,,,,,none,early,small,True,24.87,60,-0.1764,50.00,50.00,0,50.00,0,,66.00,LOW,MODERATE,89.29,ev_cfo,0.8000,50,unknown,,50,,20.0,uncrowded,46.0,concentrated,0.80500,0.95,0.85,0.45,0.7
TRVI,54,49.80,,,,,,,,,none,mid,small,True,30.83,60,-0.1420,98.00,80.39,39.31,50.60,1,,66.00,LOW,MODERATE,51.82,mcap_per_trial,0.8000,50,unknown,,50,,60.0,uncrowded,75.0,diversified,0.87000,0.95,0.95,0.65,0.7
BBOT,55,49.79,,,,,,,,,none,early,small,True,44.79,60,-0.0386,50.00,50.00,0,50.00,0,,47.00,LOW,LOW,23.21,mcap_per_trial,0.8000,50,unknown,,50,,100.0,highly_crowded,52.0,concentrated,0.80000,0.95,0.85,0.45,0.7
MLYS,56,49.73,,,,,,,,,none,late,mid,True,61.47,60,0.0849,50.00,50.00,0,63.00,5,Perceptive; RA Capital,57.00,LOW,MODERATE,22.05,mcap_per_trial,0.8000,50,unknown,,50,,100.0,highly_crowded,75.0,diversified,0.83000,0.95,0.95,0.45,0.7
IDYA,57,49.67,,,,,,,,,none,mid,mid,True,41.99,60,-0.0593,50.00,50.00,0,59.00,5,Baker Bros,68.00,LOW,MODERATE,12.86,ev_cfo,0.8000,50,unknown,,50,,100.0,highly_crowded,64.0,focused,0.83000,0.95,0.95,0.45,0.7
EXEL,58,49.64,,,,,,,,,none,late,large,True,30.73,60,-0.1428,57.52,42.15,6.29,54.20,5,,65.00,LOW,MODERATE,62.14,ev_cfo,0.8000,50,unknown,,73.8,ODD; BTD; FT,100.0,highly_crowded,83.0,broad_portfolio,0.80000,0.95,0.95,0.30,0.7
PTCT,59,49.33,,,,,,,,,none,late,mid,True,54.00,60,0.0296,50.00,50.00,0,59.60,9,,79.00,MEDIUM,MODERATE,87.86,ev_cfo,0.8000,50,unknown,,50,,100.0,highly_crowded,86.0,broad_portfolio,0.83000,0.95,0.95,0.45,0.7
GILD,60,48.91,,,,,,,,,none,late,large,True,40.49,60,-0.0705,63.40,49.41,16.78,52.40,1,,48.00,LOW,LOW,49.29,ev_cfo,0.8000,46.37,exceptional,Galapagos; Arcus Biosciences,50,,100.0,highly_crowded,88.0,broad_portfolio,0.83000,0.95,0.95,0.45,0.7
OPK,61,48.74,,,,,,,,,none,early,small,False,12.69,60,-0.2618,50.00,50.00,0,50.00,0,,53.00,LOW,LOW,84.57,ev_revenue,0.8000,50,unknown,,50,,90.0,moderate,60.0,focused,0.80500,0.95,0.85,0.45,0.7
ZYME,62,48.63,,,,,,,,,none,early,small,False,61.98,60,0.0888,50.00,50.00,0,65.60,10,,76.00,LOW,LOW,12.50,mcap_per_trial,0.8000,50,unknown,,50,,100.0,highly_crowded,60.0,focused,0.83000,0.95,0.95,0.45,0.7
KMDA,63,48.59,,,,,,,,,none,late,small,False,49.62,60,-0.0028,50.00,50.00,0,50.00,0,,41.00,LOW,LOW,80.43,mcap_per_trial,0.8000,50,unknown,,50,,90.0,moderate,82.0,diversified,0.57500,0.1,0.95,0.45,0.7
DVAX,64,48.54,,,,,,,,,none,late,small,False,68.74,60,0.1388,50.00,50.00,0,51.20,4,,75.00,LOW,LOW,35.00,ev_cfo,0.8000,50,unknown,,50,,90.0,moderate,86.0,broad_portfolio,0.83000,0.95,0.95,0.45,0.7
ANIP,65,48.47,,,,,,,,,none,late,small,False,15.72,60,-0.2406,50.00,50.00,0,55.40,5,,71.00,MEDIUM,MODERATE,75.00,ev_cfo,0.8000,50,unknown,,50,,100.0,highly_crowded,76.0,broad_portfolio,0.83500,0.95,0.95,0.45,0.7
GERN,66,48.44,,,,,,,,,none,late,small,False,26.51,60,-0.1648,50.00,50.00,0,50.00,0,,77.00,LOW,MODERATE,74.84,mcap_per_trial,0.8000,50,unknown,,64.8,ODD; FT,75.0,uncrowded,83.0,broad_portfolio,0.83500,0.95,0.95,0.45,0.7
ALLO,67,48.04,,,,,,,,,none,late,small,False,52.16,60,0.0160,50.00,50.00,0,50.00,0,,57.00,LOW,LOW,88.51,mcap_per_trial,0.8000,50,unknown,,72.0,ODD; FT; RMAT,100.0,highly_crowded,84.0,diversified,0.83000,0.95,0.95,0.45,0.7
TRDA,68,47.66,,,,,,,,,none,early,small,False,92.75,60,0.4166,50.00,50.00,0,49.00,1,Baker Bros,68.00,LOW,LOW,48.21,mcap_per_trial,0.8000,50,unknown,,50,,75.0,uncrowded,64.0,focused,0.80500,0.95,0.85,0.45,0.7
AMPH,69,47.42,,,,,,,,,none,late,small,False,21.43,60,-0.2005,50.00,50.00,0,50.00,0,,61.00,MEDIUM,MODERATE,76.43,ev_cfo,0.8000,50,unknown,,50,,80.0,crowded,83.0,broad_portfolio,0.83500,0.95,0.95,0.45,0.7
CAI,70,47.30,,,,,,,,,none,late,mid,False,7.25,60,-0.3412,92.32,94.62,100.00,60.20,6,,57.00,LOW,LOW,12.86,ev_cfo,0.8000,50,unknown,,50,,75.0,uncrowded,88.0,broad_portfolio,0.83500,0.95,0.95,0.45,0.7
CLDX,71,46.36,,,,,,,,,none,late,small,False,24.33,60,-0.1801,63.40,49.41,16.78,64.80,7,Baker Bros,77.00,LOW,MODERATE,74.22,mcap_per_trial,0.8000,50,unknown,,50,,100.0,highly_crowded,86.0,broad_portfolio,0.83500,0.95,0.95,0.45,0.7
VRTX,72,46.26,,,,,,,,,none,late,large,False,40.20,60,-0.0726,65.00,56.11,35.36,54.80,7,,54.00,LOW,LOW,36.43,ev_cfo,0.8000,55.08,exceptional,CRISPR Therapeutics; Moderna,69.0,ODD; BTD,100.0,highly_crowded,88.0,broad_portfolio,0.87000,0.95,0.95,0.65,0.7
INDV,73,46.00,,,,,,,,,none,early,mid,False,47.30,60,-0.0200,50.00,50.00,0,50.00,0,,48.00,LOW,LOW,59.29,ev_cfo,0.8000,50,unknown,,50,,90.0,highly_crowded,35.0,single_asset,0.80000,0.95,0.85,0.45,0.7
SLN,74,45.95,,,,,,,,,none,mid,micro,False,7.25,60,-0.3924,50.00,50.00,0,50.00,0,,41.00,LOW,LOW,77.27,mcap_per_trial,0.8000,50,unknown,,50,,100.0,highly_crowded,78.0,diversified,0.83500,0.95,0.95,0.45,0.7
PTGX,75,45.73,,,,,,,,,none,mid,mid,False,46.92,60,-0.0228,50.00,50.00,0,57.20,4,Perceptive,59.00,LOW,MODERATE,30.71,ev_cfo,0.8000,50,unknown,,50,,100.0,highly_crowded,72.0,diversified,0.83000,0.95,0.95,0.45,0.7
TVTX,76,45.69,,,,,,,,,none,late,mid,False,35.34,60,-0.1086,50.00,50.00,0,61.20,4,RA Capital,59.00,MEDIUM,MODERATE,43.09,ev_revenue,0.8000,50,unknown,,50,,20.0,uncrowded,72.0,diversified,0.83000,0.95,0.95,0.45,0.7
ABCL,77,45.55,,,,,,,,,none,early,small,False,7.25,60,-0.3638,50.00,50.00,0,53.00,2,Baker Bros,80.00,MEDIUM,HIGH,50,neutral,0.2,50,unknown,,50,,90.0,highly_crowded,46.0,concentrated,0.74500,0.95,0.85,0.45,0.7
AXSM,78,45.42,,,,,,,,,none,late,mid,False,75.58,60,0.1795,73.70,65.42,46.10,58.40,6,Perceptive,75.00,LOW,LOW,10.00,ev_revenue,0.8000,50,unknown,,69.8,BTD; FT,90.0,moderate,83.0,broad_portfolio,0.83500,0.95,0.95,0.45,0.7
BCYC,79,45.25,,,,,,,,,none,mid,small,False,7.25,60,-0.3207,73.70,57.61,20.07,56.40,2,Baker Bros,57.00,LOW,LOW,55.45,mcap_per_trial,0.8000,50,unknown,,50,,100.0,highly_crowded,64.0,focused,0.83500,0.95,0.95,0.45,0.7
MIRM,80,45.15,,,,,,,,,none,late,mid,False,77.92,60,0.1959,50.00,50.00,0,60.60,4,Perceptive,67.00,MEDIUM,MODERATE,12.86,ev_cfo,0.8000,43.75,strong,Ipsen,50,,75.0,uncrowded,83.0,broad_portfolio,0.83500,0.95,0.95,0.45,0.7
CRNX,81,45.14,,,,,,,,,none,late,mid,False,74.06,60,0.1689,98.00,80.39,39.31,62.00,6,Baker Bros; Perceptive,73.00,MEDIUM,MODERATE,20.81,mcap_per_trial,0.8000,50,unknown,,64.8,ODD; FT,100.0,highly_crowded,79.0,diversified,0.87500,0.95,0.95,0.65,0.7
IMTX,82,45.06,,,,,,,,,none,late,small,False,40.00,60,-0.0741,50.00,50.00,0,61.20,4,Baker Bros,50,UNKNOWN,UNKNOWN,66.77,mcap_per_trial,0.8000,50,unknown,,50,,100.0,highly_crowded,83.0,broad_portfolio,0.83000,0.95,0.95,0.45,0.7
CRL,83,45.01,,,,,,,,,none,early,large,False,54.02,60,0.0298,100.00,93.59,78.63,52.40,1,,60.00,LOW,LOW,56.43,ev_cfo,0.8000,50,unknown,,50,,75.0,uncrowded,80.0,broad_portfolio,0.87000,0.95,0.95,0.65,0.7
GLUE,84,45.00,,,,,,,,,none,early,small,False,92.75,60,1.5895,50.00,50.00,0,55.40,2,Baker Bros,59.00,MEDIUM,MODERATE,12.86,ev_cfo,0.8000,50,unknown,,50,,100.0,highly_crowded,35.0,single_asset,0.80500,0.95,0.85,0.45,0.7
RARE,85,44.74,,,,,,,,,none,late,mid,False,7.25,60,-0.3918,86.48,65.84,17.69,52.80,5,Baker Bros; Perceptive,64.00,LOW,LOW,53.72,ev_revenue,0.8000,33.82,strong,Alexion,76.2,ODD; BTD; RMAT,75.0,uncrowded,83.0,broad_portfolio,0.83500,0.95,0.95,0.45,0.7
CATX,86,44.44,,,,,,,,,none,early,micro,False,7.25,60,-0.3393,50.00,50.00,0,50.00,0,,59.00,MEDIUM,MODERATE,50,neutral,0.2,50,unknown,,50,,100.0,highly_crowded,35.0,single_asset,0.74500,0.95,0.85,0.45,0.7
AMLX,87,43.89,,,,,,,,,none,late,small,False,67.57,60,0.1302,63.40,49.41,16.78,65.00,7,,65.00,LOW,MODERATE,40.68,mcap_per_trial,0.8000,50,unknown,,50,,100.0,crowded,79.0,diversified,0.83000,0.95,0.95,0.45,0.7
NAMS,88,43.89,,,,,,,,,none,late,mid,False,14.53,60,-0.2489,86.48,65.84,17.69,58.80,3,RA Capital,65.00,LOW,LOW,38.82,mcap_per_trial,0.8000,50,unknown,,50,,100.0,highly_crowded,88.0,broad_portfolio,0.83500,0.95,0.95,0.45,0.7
CDNA,89,43.85,,,,,,,,,none,early,small,False,77.60,60,0.1937,50.00,50.00,0,52.40,1,,79.00,LOW,MODERATE,33.57,ev_cfo,0.8000,50,unknown,,50,,75.0,uncrowded,80.0,broad_portfolio,0.83500,0.95,0.95,0.45,0.7
CABA,90,43.42,,,,,,,,,sev1,early,micro,False,66.29,60,0.1207,50.00,50.00,0,53.60,4,,71.00,MEDIUM,MODERATE,83.93,mcap_per_trial,0.8000,50,unknown,,50,,75.0,uncrowded,66.0,focused,0.83000,0.95,0.95,0.45,0.7
REGN,91,43.21,,,,,,,,,none,late,large,False,45.85,60,-0.0308,50.00,41.34,21.14,54.20,9,,75.00,LOW,LOW,63.57,ev_cfo,0.8000,50,unknown,,69.0,ODD; BTD,75.0,uncrowded,86.0,broad_portfolio,0.87000,0.95,0.95,0.65,0.7
CADL,92,43.08,,,,,,,,,none,late,small,False,23.09,60,-0.1888,50.00,50.00,0,54.80,2,,65.00,MEDIUM,HIGH,90.00,mcap_per_trial,0.8000,50,unknown,,50,,100.0,highly_crowded,79.0,diversified,0.83500,0.95,0.95,0.45,0.7
PACB,93,42.98,,,,,,,,,none,late,small,False,66.84,60,0.1247,50.00,50.00,0,52.40,1,,65.00,LOW,MODERATE,73.60,mcap_per_trial,0.8000,50,unknown,,50,,100.0,crowded,86.0,broad_portfolio,0.83000,0.95,0.95,0.45,0.7
MEDP,94,42.95,,,,,,,,,none,late,large,False,34.23,60,-0.1168,57.61,42.23,6.33,53.00,3,,61.00,LOW,LOW,45.00,ev_cfo,0.8000,50,unknown,,50,,50,unknown,80.0,broad_portfolio,0.80000,0.95,0.95,0.30,0.7
SRPT,95,42.82,,,,,,,,,none,late,mid,False,15.02,60,-0.2454,50.00,41.57,21.89,50.60,1,,69.00,MEDIUM,MODERATE,88.83,ev_revenue,0.8000,48.75,exceptional,Roche,81.0,ODD; BTD; FT; RMAT,100.0,highly_crowded,86.0,broad_portfolio,0.87500,0.95,0.95,0.65,0.7
KNSA,96,42.78,,,,,,,,,none,late,mid,False,43.65,60,-0.0470,98.00,80.39,39.31,54.00,1,Baker Bros,51.00,LOW,LOW,37.86,ev_cfo,0.8000,50,unknown,,50,,75.0,uncrowded,84.0,diversified,0.87000,0.95,0.95,0.65,0.7
HALO,97,42.15,,,,,,,,,none,late,mid,False,30.64,60,-0.1434,50.00,50.00,0,50.00,0,,63.00,MEDIUM,MODERATE,57.86,ev_cfo,0.8000,50,unknown,,69.0,ODD; BTD,100.0,highly_crowded,88.0,broad_portfolio,0.83000,0.95,0.95,0.45,0.7
TYRA,98,42.09,,,,,,,,,none,mid,small,False,92.75,60,0.8774,50.00,50.00,0,57.20,3,Baker Bros; Perceptive; RA Capital,61.00,MEDIUM,MODERATE,31.82,mcap_per_trial,0.8000,50,unknown,,50,,100.0,highly_crowded,75.0,diversified,0.83500,0.95,0.95,0.45,0.7
HRMY,99,41.85,,,,,,,,,none,late,mid,False,37.96,60,-0.0892,50.00,50.00,0,54.20,4,,69.00,MEDIUM,MODERATE,90.00,ev_cfo,0.8000,50,unknown,,50,,75.0,uncrowded,76.0,diversified,0.83000,0.95,0.95,0.45,0.7
RAPP,100,41.71,,,,,,,,,none,mid,small,False,45.12,60,-0.0361,50.00,50.00,0,60.20,4,Baker Bros,57.00,LOW,MODERATE,50,neutral,0.2,50,unknown,,50,,100.0,highly_crowded,35.0,single_asset,0.74000,0.95,0.85,0.45,0.7
DSGN,101,41.71,,,,,,,,,none,mid,small,False,92.75,60,0.5700,50.00,50.00,0,58.80,3,Baker Bros; RA Capital,53.00,LOW,LOW,50,neutral,0.2,50,unknown,,50,,10.0,uncrowded,35.0,single_asset,0.74500,0.95,0.85,0.45,0.7
IRON,102,41.68,,,,,,,,,none,late,mid,False,31.26,60,-0.1388,86.48,65.84,17.69,63.20,7,Baker Bros; RA Capital,57.00,LOW,MODERATE,41.30,mcap_per_trial,0.8000,50,unknown,,50,,100.0,highly_crowded,83.0,broad_portfolio,0.83000,0.95,0.95,0.45,0.7
MDGL,103,41.54,,,,,,,,,none,late,large,False,45.41,60,-0.0340,73.52,59.37,26.36,68.00,11,Baker Bros; Perceptive,73.00,MEDIUM,MODERATE,18.62,ev_revenue,0.8000,50,unknown,,69.8,BTD; FT,100.0,highly_crowded,79.0,diversified,0.83000,0.95,0.95,0.45,0.7
TENX,104,41.45,,,,,,,,,none,late,micro,False,92.75,60,0.7537,50.00,50.00,0,53.60,3,,50,UNKNOWN,UNKNOWN,90.00,mcap_per_trial,0.8000,50,unknown,,50,,100.0,highly_crowded,75.0,diversified,0.83500,0.95,0.95,0.45,0.7
TECH,105,41.20,,,,,,,,,none,late,large,False,39.68,60,-0.0764,84.83,89.02,98.79,50.00,0,,58.00,LOW,LOW,12.86,ev_cfo,0.8000,50,unknown,,50,,100.0,highly_crowded,88.0,broad_portfolio,0.87000,0.95,0.95,0.65,0.7
SGMT,106,41.11,,,,,,,,,none,late,micro,False,7.25,60,-0.4727,50.00,50.00,0,56.40,4,Baker Bros,61.00,LOW,LOW,90.00,mcap_per_trial,0.8000,50,unknown,,50,,100.0,highly_crowded,82.0,diversified,0.83500,0.95,0.95,0.45,0.7
BCRX,107,40.89,,,,,,,,,none,late,small,False,7.25,60,-0.3558,50.00,50.00,0,57.60,4,Perceptive,73.00,MEDIUM,MODERATE,39.29,ev_cfo,0.8000,50,unknown,,50,,100.0,crowded,86.0,broad_portfolio,0.83500,0.95,0.95,0.45,0.7
MAZE,108,40.73,,,,,,,,,none,mid,mid,False,92.75,60,0.5911,50.00,50.00,0,57.80,5,,55.00,LOW,LOW,50,neutral,0.2,50,unknown,,50,,75.0,uncrowded,46.0,concentrated,0.74500,0.95,0.85,0.45,0.7
FATE,109,40.52,,,,,,,,,none,mid,micro,False,36.95,60,-0.0967,50.00,50.00,0,54.20,4,,59.00,LOW,MODERATE,90.00,mcap_per_trial,0.8000,50,unknown,,67.2,ODD; RMAT,100.0,highly_crowded,84.0,broad_portfolio,0.83000,0.95,0.95,0.45,0.7
ROIV,110,40.04,,,,,,,,,none,mid,large,False,64.07,60,0.1042,50.00,50.00,0,58.80,3,Baker Bros,64.00,LOW,LOW,50,neutral,0.2,50,unknown,,50,,100.0,highly_crowded,35.0,single_asset,0.74000,0.95,0.85,0.45,0.7
SEPN,111,40.01,,,,,,,,,none,early,small,False,72.98,60,0.1612,73.52,59.37,26.36,58.20,3,RA Capital,61.00,LOW,LOW,90.00,ev_cfo,0.8000,50,unknown,,50,,90.0,highly_crowded,35.0,single_asset,0.80500,0.95,0.85,0.45,0.7
CRMD,112,39.27,,,,,,,,,none,late,small,False,7.25,60,-0.5495,70.22,53.67,15.05,56.00,3,,65.00,MEDIUM,MODERATE,90.00,ev_cfo,0.8000,50,unknown,,50,,20.0,uncrowded,75.0,diversified,0.83500,0.95,0.95,0.45,0.7
VCEL,113,39.18,,,,,,,,,none,late,small,False,19.72,60,-0.2125,50.00,50.00,0,50.00,0,,71.00,LOW,MODERATE,29.29,ev_cfo,0.8000,50,unknown,,50,,20.0,uncrowded,80.0,broad_portfolio,0.83500,0.95,0.95,0.45,0.7
ALNY,114,38.96,,,,,,,,,none,late,large,False,7.25,60,-0.4163,50.00,50.00,0,57.20,3,,48.00,LOW,LOW,12.86,ev_cfo,0.8000,67.83,exceptional,Regeneron; Roche,73.8,ODD; BTD; FT,75.0,uncrowded,88.0,broad_portfolio,0.83500,0.95,0.95,0.45,0.7
AVXL,115,38.85,,,,,,,,,none,late,small,False,7.25,60,-0.5013,50.00,50.00,0,50.00,0,,86.00,MEDIUM,HIGH,83.54,mcap_per_trial,0.8000,50,unknown,,50,,90.0,moderate,79.0,diversified,0.83500,0.95,0.95,0.45,0.7
RGNX,116,38.41,,,,,,,,,none,late,small,False,48.35,60,-0.0123,98.00,80.39,39.31,50.00,0,,75.00,LOW,MODERATE,85.40,mcap_per_trial,0.8000,50,unknown,,50,,75.0,uncrowded,80.0,broad_portfolio,0.87000,0.95,0.95,0.65,0.7
TNYA,117,38.39,,,,,,,,,none,early,micro,False,7.25,60,-0.5235,50.00,50.00,0,52.40,4,,50.00,MEDIUM,LOW,87.50,mcap_per_trial,0.8000,50,unknown,,50,,20.0,uncrowded,54.0,focused,0.83500,0.95,0.95,0.45,0.7
GPCR,118,38.16,,,,,,,,,none,mid,mid,False,92.75,60,2.0283,50.00,50.00,0,62.80,4,Baker Bros; RA Capital,48.00,LOW,LOW,10.00,mcap_per_trial,0.8000,50,unknown,,50,,100.0,highly_crowded,67.0,focused,0.83500,0.95,0.95,0.45,0.7
ARCT,119,37.81,,,,,,,,,none,late,micro,False,7.25,60,-0.4034,50.00,50.00,0,50.00,0,,84.00,HIGH,HIGH,90.00,mcap_per_trial,0.8000,50,unknown,,50,,100.0,highly_crowded,79.0,diversified,0.83500,0.95,0.95,0.45,0.7
PCVX,120,37.69,,,,,,,,,none,late,mid,False,61.97,60,0.0886,50.00,50.00,0,61.40,8,Baker Bros; RA Capital,65.00,LOW,MODERATE,10.00,mcap_per_trial,0.8000,52.75,exceptional,Merck,69.8,BTD; FT,10.0,uncrowded,76.0,diversified,0.83000,0.95,0.95,0.45,0.7
JBIO,121,37.67,,,,,,,,,none,early,small,False,92.75,60,0.4461,50.00,50.00,0,50.00,0,,50,UNKNOWN,UNKNOWN,50,neutral,0.2,50,unknown,,50,,90.0,highly_crowded,35.0,single_asset,0.74500,0.95,0.85,0.45,0.7
ZLAB,122,37.47,,,,,,,,,none,late,small,False,7.25,60,-0.5676,80.00,70.60,48.68,54.80,2,,62.00,LOW,LOW,10.00,ev_revenue,0.8000,50,unknown,,50,,100.0,highly_crowded,88.0,broad_portfolio,0.87500,0.95,0.95,0.65,0.7
RCKT,123,37.24,,,,,,,,,sev1,mid,small,False,23.64,60,-0.1850,50.00,50.00,0,54.80,7,,63.00,MEDIUM,MODERATE,79.09,mcap_per_trial,0.8000,52.75,exceptional,Roche,81.0,ODD; BTD; FT; RMAT,45.0,uncrowded,79.0,broad_portfolio,0.83500,0.95,0.95,0.45,0.7
RXRX,124,37.02,,,,,,,,,none,mid,mid,False,7.25,60,-0.3413,50.00,50.00,0,51.80,2,,71.00,HIGH,HIGH,26.36,mcap_per_trial,0.8000,50,unknown,,50,,100.0,highly_crowded,78.0,diversified,0.83500,0.95,0.95,0.45,0.7
NBP,125,36.86,,,,,,,,,none,mid,small,False,8.15,60,-0.2937,50.00,50.00,0,50.00,0,,56.00,LOW,LOW,50,neutral,0.2,50,unknown,,50,,10.0,uncrowded,35.0,single_asset,0.74500,0.95,0.85,0.45,0.7
SNDX,126,36.73,,,,,,,,,sev1,mid,small,False,82.21,60,0.2260,50.00,50.00,0,61.40,7,,88.00,MEDIUM,HIGH,66.36,mcap_per_trial,0.8000,47.82,strong,Incyte,50,,100.0,highly_crowded,84.0,broad_portfolio,0.83500,0.95,0.95,0.45,0.7
SPRY,127,36.67,,,,,,,,,none,early,small,False,8.18,60,-0.2934,50.00,50.00,0,50.20,4,RA Capital,80.00,HIGH,HIGH,33.93,mcap_per_trial,0.8000,50,unknown,,50,,20.0,uncrowded,63.0,focused,0.80500,0.95,0.85,0.45,0.7
MLTX,128,36.11,,,,,,,,,none,late,small,False,37.52,60,-0.0925,65.90,51.31,17.27,54.80,7,,50,UNKNOWN,UNKNOWN,50.62,mcap_per_trial,0.8000,50,unknown,,50,,60.0,uncrowded,80.0,broad_portfolio,0.83000,0.95,0.95,0.45,0.7
ONC,129,36.09,,,,,,,,,none,late,large,False,31.53,60,-0.1368,50.00,50.00,0,50.00,0,,51.00,LOW,LOW,12.86,ev_cfo,0.8000,50,unknown,,50,,100.0,highly_crowded,83.0,broad_portfolio,0.83000,0.95,0.95,0.45,0.7
TERN,130,36.08,,,,,,,,,none,mid,mid,False,92.75,60,2.9266,50.00,50.00,0,52.40,1,,48.00,LOW,LOW,10.00,mcap_per_trial,0.8000,50,unknown,,50,,100.0,highly_crowded,67.0,focused,0.83500,0.95,0.95,0.45,0.7
LCTX,131,35.89,,,,,,,,,none,early,small,False,27.55,60,-0.1575,50.00,50.00,0,50.00,0,,66.00,MEDIUM,MODERATE,69.64,mcap_per_trial,0.8000,50,unknown,,50,,20.0,uncrowded,64.0,focused,0.83500,0.95,0.95,0.45,0.7
CMPS,132,35.75,,,,,,,,,sev1,early,small,False,49.14,60,-0.0064,50.00,50.00,0,62.00,8,,71.00,LOW,LOW,50,neutral,0.2,50,unknown,,50,,100.0,highly_crowded,35.0,single_asset,0.74000,0.95,0.85,0.45,0.7
ABEO,133,35.62,,,,,,,,,none,late,micro,False,12.39,60,-0.2639,50.00,50.00,0,52.40,1,,50,UNKNOWN,UNKNOWN,90.00,mcap_per_trial,0.8000,50,unknown,,50,,35.0,uncrowded,76.0,broad_portfolio,0.83500,0.95,0.95,0.45,0.7
ABUS,134,35.56,,,,,,,,,none,mid,small,False,16.43,60,-0.2356,57.52,42.15,6.29,50.00,0,,53.00,LOW,LOW,57.27,mcap_per_trial,0.8000,50,unknown,,50,,75.0,uncrowded,78.0,diversified,0.80500,0.95,0.95,0.30,0.7
OCUL,135,35.53,,,,,,,,,none,late,mid,False,7.25,60,-0.3291,55.00,42.78,14.27,60.20,8,,57.00,LOW,LOW,62.42,mcap_per_trial,0.8000,50,unknown,,50,,75.0,uncrowded,83.0,broad_portfolio,0.83500,0.95,0.95,0.45,0.7
CLYM,136,35.19,,,,,,,,,none,mid,small,False,92.75,60,1.1803,50.00,50.00,0,54.00,1,RA Capital,50,UNKNOWN,UNKNOWN,60.91,mcap_per_trial,0.8000,50,unknown,,50,,75.0,uncrowded,67.0,focused,0.83500,0.95,0.95,0.45,0.7
HROW,137,35.07,,,,,,,,,none,late,small,False,35.44,60,-0.1078,50.00,50.00,0,50.60,1,,73.00,MEDIUM,MODERATE,27.86,ev_cfo,0.8000,50,unknown,,50,,10.0,uncrowded,35.0,single_asset,0.80000,0.95,0.85,0.45,0.7
ACAD,138,34.74,,,,,,,,,none,late,mid,False,29.76,60,-0.1499,68.00,57.97,34.55,55.80,5,Baker Bros,65.00,LOW,LOW,55.00,ev_cfo,0.8000,31.39,strong,Takeda,73.8,ODD; BTD; FT,75.0,uncrowded,84.0,broad_portfolio,0.87000,0.95,0.95,0.65,0.7
RYTM,139,34.64,,,,,,,,,none,late,mid,False,13.67,60,-0.2550,50.00,50.00,0,62.60,7,Baker Bros; RA Capital,63.00,LOW,MODERATE,10.00,mcap_per_trial,0.8000,50,unknown,,69.0,ODD; BTD,90.0,moderate,80.0,diversified,0.83500,0.95,0.95,0.45,0.7
FOLD,140,34.64,,,,,,,,,none,late,mid,False,92.75,60,0.4044,50.00,50.00,0,57.20,3,,60.00,LOW,LOW,12.86,ev_cfo,0.8000,36.75,strong,Roche,69.0,ODD; BTD,100.0,highly_crowded,80.0,broad_portfolio,0.83500,0.95,0.95,0.45,0.7
VIR,141,34.37,,,,,,,,,sev1,late,small,False,86.03,60,0.2528,73.40,62.46,36.94,54.00,1,Baker Bros,66.00,LOW,MODERATE,81.68,mcap_per_trial,0.8000,50,unknown,,50,,100.0,highly_crowded,86.0,broad_portfolio,0.83500,0.95,0.95,0.45,0.7
CERS,142,33.98,,,,,,,,,none,late,small,False,92.75,60,0.4507,50.00,50.00,0,54.00,1,Baker Bros,50,UNKNOWN,UNKNOWN,90.00,mcap_per_trial,0.8000,50,unknown,,50,,90.0,moderate,83.0,broad_portfolio,0.83500,0.95,0.95,0.45,0.7
MYGN,143,33.58,,,,,,,,,none,late,small,False,7.25,60,-0.4128,50.00,50.00,0,50.00,0,,67.00,LOW,MODERATE,90.00,ev_revenue,0.8000,50,unknown,,50,,100.0,highly_crowded,68.0,diversified,0.83500,0.95,0.95,0.45,0.7
KROS,144,33.57,,,,,,,,,none,mid,small,False,40.12,60,-0.0732,50.00,50.00,0,50.00,0,,75.00,MEDIUM,LOW,90.00,ev_cfo,0.8000,50,unknown,,58,FT,75.0,uncrowded,53.0,focused,0.80000,0.95,0.85,0.45,0.7
PVLA,145,33.49,,,,,,,,,none,late,small,False,63.80,60,0.1022,73.70,57.61,20.07,52.40,1,,50,UNKNOWN,UNKNOWN,50.00,mcap_per_trial,0.8000,50,unknown,,50,,10.0,uncrowded,72.0,diversified,0.83000,0.95,0.95,0.45,0.7
SANA,146,33.44,,,,,,,,,sev1,late,small,False,52.48,60,0.0184,73.70,57.61,20.07,53.00,1,Baker Bros,78.00,HIGH,HIGH,82.30,mcap_per_trial,0.8000,50,unknown,,50,,100.0,highly_crowded,88.0,broad_portfolio,0.83000,0.95,0.95,0.45,0.7
ACRV,147,33.32,,,,,,,,,none,mid,micro,False,35.23,60,-0.1094,50.00,50.00,0,58.00,2,Baker Bros; RA Capital,50,UNKNOWN,UNKNOWN,86.36,mcap_per_trial,0.8000,50,unknown,,50,,100.0,highly_crowded,64.0,focused,0.80000,0.95,0.85,0.45,0.7
FHTX,148,33.25,,,,,,,,,none,early,small,False,57.35,60,0.0544,50.00,50.00,0,50.60,1,,60.00,LOW,LOW,55.36,mcap_per_trial,0.8000,50,unknown,,50,,100.0,highly_crowded,55.0,concentrated,0.80000,0.95,0.85,0.45,0.7
XERS,149,33.19,,,,,,,,,none,late,small,False,50,,,50.00,50.00,0,56.00,6,,67.00,LOW,MODERATE,12.86,ev_cfo,0.8000,50,unknown,,50,,100.0,highly_crowded,79.0,broad_portfolio,0.77000,0.95,0.95,0.45,0.7
BCAX,150,33.05,,,,,,,,,none,mid,small,False,45.58,60,-0.0327,50.00,50.00,0,60.80,5,RA Capital,74.00,MEDIUM,HIGH,50,neutral,0.2,50,unknown,,50,,100.0,highly_crowded,46.0,concentrated,0.74000,0.95,0.85,0.45,0.7
VYGR,151,33.03,,,,,,,,,none,early,micro,False,14.66,60,-0.2480,50.00,50.00,0,49.40,3,,59.00,LOW,LOW,50,neutral,0.2,50,unknown,,50,,100.0,highly_crowded,35.0,single_asset,0.74500,0.95,0.85,0.45,0.7
MCRB,152,32.98,,,,,,,,,none,late,micro,False,19.11,60,-0.2167,50.00,50.00,0,50.00,0,,67.00,MEDIUM,MODERATE,80.71,ev_cfo,0.8000,50,unknown,,50,,75.0,uncrowded,79.0,diversified,0.83500,0.95,0.95,0.45,0.7
KYTX,153,32.48,,,,,,,,,sev1,mid,small,False,92.75,60,0.4010,73.10,62.22,36.84,51.80,1,,56.00,LOW,LOW,53.64,mcap_per_trial,0.8000,50,unknown,,50,,75.0,uncrowded,70.0,focused,0.83500,0.95,0.95,0.45,0.7
SGMO,154,32.46,,,,,,,,,sev1,mid,micro,False,7.25,60,-0.5166,50.00,50.00,0,50.00,0,,38.00,LOW,LOW,90.00,mcap_per_trial,0.8000,50,unknown,,50,,75.0,uncrowded,84.0,broad_portfolio,0.83500,0.95,0.95,0.45,0.7
BIOA,155,32.34,,,,,,,,,none,mid,small,False,92.75,60,1.7396,50.00,50.00,0,58.40,4,,50.00,LOW,LOW,46.36,mcap_per_trial,0.8000,50,unknown,,50,,100.0,highly_crowded,70.0,focused,0.83500,0.95,0.95,0.45,0.7
ACLX,156,32.32,,,,,,,,,none,early,mid,False,7.25,60,-0.3340,50.00,50.00,0,65.60,6,Baker Bros; Perceptive; RA Capital,66.00,MEDIUM,HIGH,50,neutral,0.2,50,unknown,,50,,100.0,highly_crowded,45.0,concentrated,0.74500,0.95,0.85,0.45,0.7
AQST,157,32.03,,,,,,,,,none,late,small,False,7.25,60,-0.6088,50.00,50.00,0,64.40,8,,64.00,MEDIUM,HIGH,78.57,mcap_per_trial,0.8000,50,unknown,,50,,100.0,highly_crowded,79.0,diversified,0.83500,0.95,0.95,0.45,0.7
INSM,158,32.00,,,,,,,,,none,late,large,False,25.10,60,-0.1747,77.80,71.68,57.39,67.80,14,Baker Bros,54.00,LOW,LOW,10.00,ev_revenue,0.8000,50,unknown,,73.8,ODD; BTD; FT,100.0,highly_crowded,86.0,broad_portfolio,0.87500,0.95,0.95,0.65,0.7
XENE,159,31.97,,,,,,,,,none,late,mid,False,27.06,60,-0.1610,50.00,50.00,0,58.40,5,Baker Bros,63.00,LOW,LOW,43.17,mcap_per_trial,0.8000,50,unknown,,50,,100.0,highly_crowded,83.0,broad_portfolio,0.83500,0.95,0.95,0.45,0.7
CCCC,160,31.53,,,,,,,,,none,mid,micro,False,7.25,60,-0.3736,50.00,50.00,0,58.40,4,Perceptive,48.00,LOW,LOW,62.73,mcap_per_trial,0.8000,50,unknown,,50,,100.0,highly_crowded,57.0,focused,0.80500,0.95,0.85,0.45,0.7
GOSS,161,31.52,,,,,,,,,sev1,late,small,False,36.83,60,-0.0976,50.00,50.00,0,56.60,4,,69.00,LOW,MODERATE,57.45,mcap_per_trial,0.8000,50,unknown,,50,,100.0,highly_crowded,78.0,diversified,0.83000,0.95,0.95,0.45,0.7
AMRX,162,31.50,,,,,,,,,none,late,mid,False,66.51,60,0.1223,50.00,50.00,0,50.00,0,,50.00,LOW,LOW,42.14,ev_cfo,0.8000,50,unknown,,50,,75.0,uncrowded,88.0,broad_portfolio,0.83000,0.95,0.95,0.45,0.7
REPL,163,31.24,,,,,,,,,none,late,small,False,9.48,60,-0.2844,50.00,50.00,0,53.80,9,Baker Bros,86.00,HIGH,HIGH,77.33,mcap_per_trial,0.8000,50,unknown,,50,,100.0,highly_crowded,76.0,diversified,0.83500,0.95,0.95,0.45,0.7
ZBIO,164,31.11,,,,,,,,,none,late,small,False,7.25,60,-0.3992,86.48,65.84,17.69,58.40,4,,69.00,LOW,MODERATE,51.24,mcap_per_trial,0.8000,50,unknown,,50,,75.0,uncrowded,82.0,diversified,0.83500,0.95,0.95,0.45,0.7
ORIC,165,30.89,,,,,,,,,sev1,early,small,False,32.03,60,-0.1331,50.00,50.00,0,57.80,5,,71.00,MEDIUM,HIGH,51.79,mcap_per_trial,0.8000,50,unknown,,50,,100.0,highly_crowded,63.0,focused,0.83000,0.95,0.95,0.45,0.7
PCRX,166,30.89,,,,,,,,,none,late,small,False,7.25,60,-0.3959,50.00,50.00,0,50.00,4,,78.00,MEDIUM,HIGH,86.43,ev_cfo,0.8000,50,unknown,,50,,10.0,uncrowded,35.0,single_asset,0.80500,0.95,0.85,0.45,0.7
ORKA,167,30.49,,,,,,,,,none,mid,small,False,92.75,60,0.4408,50.00,50.00,0,59.00,4,,68.00,MEDIUM,HIGH,19.09,mcap_per_trial,0.8000,50,unknown,,50,,100.0,highly_crowded,67.0,focused,0.83500,0.95,0.95,0.45,0.7
TCRX,168,30.33,,,,,,,,,sev1,early,micro,False,7.25,60,-0.5271,50.00,50.00,0,54.00,1,Baker Bros,50,UNKNOWN,UNKNOWN,90.00,mcap_per_trial,0.8000,50,unknown,,50,,100.0,highly_crowded,80.0,diversified,0.83500,0.95,0.95,0.45,0.7
SABS,169,30.30,,,,,,,,,none,late,micro,False,81.98,60,0.2244,50.00,50.00,0,50.00,0,,50,UNKNOWN,UNKNOWN,90.00,mcap_per_trial,0.8000,50,unknown,,50,,100.0,highly_crowded,80.0,diversified,0.83500,0.95,0.95,0.45,0.7
CRBU,170,30.23,,,,,,,,,none,early,micro,False,7.25,60,-0.4694,50.00,50.00,0,50.00,0,,51.00,LOW,LOW,76.79,mcap_per_trial,0.8000,50,unknown,,50,,100.0,highly_crowded,67.0,focused,0.80500,0.95,0.85,0.45,0.7
CGON,171,30.22,,,,,,,,,none,mid,mid,False,92.75,60,0.3354,50.00,50.00,0,61.40,6,Perceptive,80.00,MEDIUM,MODERATE,10.00,mcap_per_trial,0.8000,50,unknown,,50,,100.0,highly_crowded,64.0,focused,0.83500,0.95,0.95,0.45,0.7
DRUG,172,30.18,,,,,,,,,none,mid,small,False,92.75,60,0.4962,50.00,50.00,0,57.20,3,,50,UNKNOWN,UNKNOWN,30.00,mcap_per_trial,0.8000,50,unknown,,50,,100.0,highly_crowded,67.0,focused,0.80500,0.95,0.85,0.45,0.7
LXEO,173,29.96,,,,,,,,,sev1,early,small,False,23.04,60,-0.1892,50.00,50.00,0,50.00,1,,59.00,MEDIUM,MODERATE,66.07,mcap_per_trial,0.8000,50,unknown,,50,,75.0,uncrowded,75.0,diversified,0.83500,0.95,0.95,0.45,0.7
NGNE,174,29.94,,,,,,,,,none,late,small,False,7.25,60,-0.4894,50.00,50.00,0,63.80,6,Baker Bros,80.00,MEDIUM,HIGH,61.80,mcap_per_trial,0.8000,50,unknown,,50,,75.0,uncrowded,61.0,focused,0.83500,0.95,0.95,0.45,0.7
PRTA,175,29.94,,,,,,,,,none,late,small,False,18.67,60,-0.2199,50.00,50.00,0,58.80,3,RA Capital,59.00,LOW,MODERATE,84.78,mcap_per_trial,0.8000,50,unknown,,50,,75.0,uncrowded,82.0,diversified,0.83500,0.95,0.95,0.45,0.7
ARWR,176,29.53,,,,,,,,,none,late,mid,False,92.75,60,1.0073,70.04,55.43,21.34,57.60,4,Baker Bros,68.00,LOW,LOW,26.43,ev_cfo,0.8000,51.05,exceptional,Janssen; Takeda,64.8,ODD; FT,100.0,highly_crowded,88.0,broad_portfolio,0.83500,0.95,0.95,0.45,0.7
MRSN,177,29.13,,,,,,,,,none,late,micro,False,92.75,60,1.5039,50.00,50.00,0,50.00,0,,71.00,LOW,LOW,90.00,mcap_per_trial,0.8000,50,unknown,,50,,100.0,highly_crowded,75.0,diversified,0.83500,0.95,0.95,0.45,0.7
TSHA,178,29.01,,,,,,,,,none,late,small,False,39.11,60,-0.0807,50.00,50.00,0,68.60,8,Baker Bros; RA Capital,77.00,MEDIUM,HIGH,22.67,mcap_per_trial,0.8000,50,unknown,,50,,50.0,uncrowded,68.0,focused,0.80000,0.95,0.85,0.45,0.7
CDXS,179,28.99,,,,,,,,,sev1,early,micro,False,7.25,60,-0.6332,50.00,50.00,0,56.60,5,,61.00,LOW,LOW,50,neutral,0.2,50,unknown,,50,,100.0,highly_crowded,42.0,concentrated,0.74500,0.95,0.85,0.45,0.7
AURA,180,28.95,,,,,,,,,none,late,small,False,7.25,60,-0.3535,50.00,50.00,0,50.00,0,,68.00,LOW,LOW,87.89,mcap_per_trial,0.8000,50,unknown,,50,,100.0,highly_crowded,82.0,diversified,0.83500,0.95,0.95,0.45,0.7
ATXS,181,28.87,,,,,,,,,none,late,small,False,54.31,60,0.0319,50.00,50.00,0,53.60,2,,54.00,LOW,LOW,49.38,mcap_per_trial,0.8000,50,unknown,,50,,90.0,moderate,76.0,diversified,0.83000,0.95,0.95,0.45,0.7
NUVB,182,28.75,,,,,,,,,none,late,small,False,69.60,60,0.1452,50.00,50.00,0,52.40,1,,82.00,MEDIUM,MODERATE,48.14,mcap_per_trial,0.8000,50,unknown,,50,,100.0,highly_crowded,79.0,diversified,0.83000,0.95,0.95,0.45,0.7
ANAB,183,28.72,,,,,,,,,sev1,mid,small,False,92.75,60,0.3011,50.00,50.00,0,57.20,3,,88.00,HIGH,HIGH,44.55,mcap_per_trial,0.8000,50,unknown,,50,,100.0,highly_crowded,74.0,diversified,0.83500,0.95,0.95,0.45,0.7
OLMA,184,28.67,,,,,,,,,none,late,mid,False,92.75,60,2.1103,73.70,57.61,20.07,57.80,6,,60.00,LOW,LOW,27.02,mcap_per_trial,0.8000,50,unknown,,50,,100.0,highly_crowded,72.0,diversified,0.83500,0.95,0.95,0.45,0.7
TECX,185,28.60,,,,,,,,,none,mid,small,False,19.89,60,-0.2113,50.00,50.00,0,57.00,4,Baker Bros,91.00,HIGH,HIGH,50,neutral,0.2,50,unknown,,50,,100.0,highly_crowded,35.0,single_asset,0.74500,0.95,0.85,0.45,0.7
KALV,186,28.42,,,,,,,,,sev1,late,small,False,50.18,60,0.0014,50.00,50.00,0,50.00,0,,74.00,HIGH,HIGH,75.47,mcap_per_trial,0.8000,50,unknown,,50,,100.0,crowded,80.0,broad_portfolio,0.83000,0.95,0.95,0.45,0.7
ADMA,187,28.30,,,,,,,,,none,late,mid,False,16.69,60,-0.2338,50.00,50.00,0,48.80,2,,63.00,LOW,LOW,12.86,ev_cfo,0.8000,50,unknown,,50,,75.0,uncrowded,75.0,diversified,0.83500,0.95,0.95,0.45,0.7
LBRX,188,28.22,,,,,,,,,none,late,small,False,72.70,60,0.1780,50.00,50.00,0,60.40,3,Baker Bros; RA Capital,50,UNKNOWN,UNKNOWN,51.86,mcap_per_trial,0.8000,50,unknown,,50,,100.0,highly_crowded,76.0,diversified,0.82500,0.95,0.95,0.45,0.7
RCUS,189,28.22,,,,,,,,,sev1,late,mid,False,90.92,60,0.2872,80.00,69.93,46.42,56.40,2,RA Capital,53.00,LOW,LOW,55.59,mcap_per_trial,0.8000,48.08,exceptional,Gilead,50,,100.0,highly_crowded,86.0,broad_portfolio,0.83500,0.95,0.95,0.45,0.7
AUPH,190,28.18,,,,,,,,,none,late,small,False,34.19,60,-0.1171,50.00,50.00,0,50.00,0,,59.00,LOW,LOW,67.86,ev_cfo,0.8000,50,unknown,,50,,100.0,highly_crowded,83.0,broad_portfolio,0.83000,0.95,0.95,0.45,0.7
TGTX,191,28.15,,,,,,,,,none,early,mid,False,15.99,60,-0.2387,50.00,50.00,0,50.60,1,,79.00,MEDIUM,HIGH,28.19,ev_revenue,0.8000,35.75,strong,Janssen,73.8,ODD; BTD; FT,100.0,highly_crowded,42.0,concentrated,0.80500,0.95,0.85,0.45,0.7
FDMT,192,27.94,,,,,,,,,none,late,small,False,26.51,60,-0.1648,50.00,50.00,0,51.20,1,RA Capital,59.00,MEDIUM,MODERATE,71.12,mcap_per_trial,0.8000,50,unknown,,50,,75.0,uncrowded,76.0,diversified,0.83500,0.95,0.95,0.45,0.7
ELDN,193,27.86,,,,,,,,,sev1,mid,micro,False,7.25,60,-0.4504,50.00,50.00,0,54.00,1,RA Capital,50,UNKNOWN,UNKNOWN,82.73,mcap_per_trial,0.8000,50,unknown,,50,,90.0,moderate,71.0,diversified,0.83500,0.95,0.95,0.45,0.7
IMCR,194,27.74,,,,,,,,,none,late,small,False,18.82,60,-0.2188,98.00,80.39,39.31,56.40,2,Baker Bros,77.00,MEDIUM,HIGH,12.86,ev_cfo,0.8000,50,unknown,,67.2,ODD; RMAT,100.0,highly_crowded,79.0,diversified,0.87500,0.95,0.95,0.65,0.7
SERA,195,27.47,,,,,,,,,none,early,micro,False,17.72,60,-0.2265,50.00,50.00,0,54.00,1,Baker Bros,50,UNKNOWN,UNKNOWN,90.00,mcap_per_trial,0.8000,50,unknown,,50,,10.0,uncrowded,60.0,focused,0.83500,0.95,0.95,0.45,0.7
AGIO,196,27.45,,,,,,,,,sev1,late,small,False,7.25,60,-0.4229,50.00,50.00,0,59.40,6,Baker Bros,48.00,LOW,LOW,58.07,mcap_per_trial,0.8000,50,unknown,,73.8,ODD; BTD; FT,75.0,uncrowded,83.0,broad_portfolio,0.83500,0.95,0.95,0.45,0.7
TARA,197,27.33,,,,,,,,,none,late,small,False,92.75,60,0.4453,50.00,50.00,0,54.00,1,Baker Bros,50,UNKNOWN,UNKNOWN,70.50,mcap_per_trial,0.8000,50,unknown,,50,,100.0,highly_crowded,75.0,diversified,0.83500,0.95,0.95,0.45,0.7
IMVT,198,27.19,,,,,,,,,none,late,mid,False,53.82,60,0.0283,73.70,57.61,20.07,53.80,4,Baker Bros; Perceptive,61.00,MEDIUM,MODERATE,32.61,mcap_per_trial,0.8000,50.75,strong,Roche,69.8,BTD; FT,75.0,uncrowded,79.0,broad_portfolio,0.83000,0.95,0.95,0.45,0.7
FLGT,199,27.18,,,,,,,,,none,early,small,False,42.52,60,-0.0554,50.00,50.00,0,50.00,0,,67.00,LOW,LOW,86.70,ev_revenue,0.8000,50,unknown,,50,,100.0,highly_crowded,35.0,single_asset,0.80000,0.95,0.85,0.45,0.7
LYEL,200,26.85,,,,,,,,,none,late,small,False,92.75,60,0.3210,50.00,50.00,0,50.00,0,,44.00,LOW,LOW,56.83,mcap_per_trial,0.8000,50,unknown,,50,,100.0,highly_crowded,71.0,focused,0.83500,0.95,0.95,0.45,0.7
PEPG,201,26.54,,,,,,,,,none,mid,small,False,92.75,60,0.9484,50.00,50.00,0,60.80,5,RA Capital,48.00,LOW,LOW,59.09,mcap_per_trial,0.8000,50,unknown,,50,,100.0,highly_crowded,64.0,focused,0.83500,0.95,0.95,0.45,0.7
ARQT,202,26.25,,,,,,,,,sev1,late,mid,False,46.49,60,-0.0260,50.00,50.00,0,57.80,3,Perceptive,59.00,MEDIUM,MODERATE,25.00,ev_revenue,0.8000,50,unknown,,50,,100.0,highly_crowded,83.0,broad_portfolio,0.83000,0.95,0.95,0.45,0.7
CSTL,203,26.13,,,,,,,,,none,late,small,False,92.75,60,0.4038,50.00,50.00,0,50.00,0,,68.00,LOW,LOW,52.14,ev_cfo,0.8000,50,unknown,,50,,100.0,highly_crowded,83.0,broad_portfolio,0.83500,0.95,0.95,0.45,0.7
TNGX,204,26.00,,,,,,,,,sev1,early,small,False,92.75,60,0.3061,50.00,50.00,0,60.20,4,Perceptive; RA Capital,71.00,HIGH,HIGH,44.64,mcap_per_trial,0.8000,50,unknown,,50,,100.0,highly_crowded,60.0,focused,0.83500,0.95,0.95,0.45,0.7
VTYX,205,25.66,,,,,,,,,none,mid,small,False,92.75,60,1.4108,50.00,50.00,0,54.00,1,Baker Bros,44.00,LOW,LOW,20.91,mcap_per_trial,0.8000,50,unknown,,50,,100.0,highly_crowded,63.0,focused,0.80500,0.95,0.85,0.45,0.7
NRIX,206,25.48,,,,,,,,,sev1,mid,small,False,84.98,60,0.2455,50.00,50.00,0,49.00,3,Baker Bros,71.00,MEDIUM,MODERATE,22.73,mcap_per_trial,0.8000,50,unknown,,50,,100.0,highly_crowded,67.0,focused,0.83500,0.95,0.95,0.45,0.7
RVMD,207,25.23,,,,,,,,,none,late,large,False,92.75,60,0.6528,50.00,38.43,11.43,66.80,8,Baker Bros; Perceptive,65.00,LOW,LOW,10.00,mcap_per_trial,0.8000,50,unknown,,50,,100.0,highly_crowded,72.0,diversified,0.83500,0.95,0.95,0.45,0.7
ARTV,208,24.84,,,,,,,,,sev1,mid,micro,False,67.26,60,0.1278,50.00,50.00,0,58.20,3,RA Capital,50,UNKNOWN,UNKNOWN,90.00,mcap_per_trial,0.8000,50,unknown,,50,,100.0,highly_crowded,75.0,diversified,0.83000,0.95,0.95,0.45,0.7
INBX,209,24.36,,,,,,,,,sev1,mid,small,False,92.75,60,0.4362,50.00,50.00,0,56.60,3,,55.00,MEDIUM,MODERATE,42.73,mcap_per_trial,0.8000,50,unknown,,50,,100.0,highly_crowded,67.0,focused,0.83500,0.95,0.95,0.45,0.7
PYXS,210,24.32,,,,,,,,,sev1,early,micro,False,7.25,60,-0.3429,50.00,50.00,0,56.60,3,,68.00,LOW,LOW,90.00,mcap_per_trial,0.8000,50,unknown,,50,,100.0,highly_crowded,45.0,concentrated,0.80500,0.95,0.85,0.45,0.7
AVBP,211,24.29,,,,,,,,,none,late,small,False,46.90,60,-0.0230,50.00,50.00,0,51.80,2,,80.00,MEDIUM,HIGH,35.71,mcap_per_trial,0.8000,50,unknown,,50,,100.0,highly_crowded,64.0,focused,0.83000,0.95,0.95,0.45,0.7
ILMN,212,24.02,,,,,,,,,none,early,large,False,61.55,60,0.0856,50.00,50.00,0,50.60,5,,60.00,LOW,LOW,43.57,ev_cfo,0.8000,50,unknown,,50,,20.0,uncrowded,35.0,single_asset,0.80000,0.95,0.85,0.45,0.7
NTRA,213,23.94,,,,,,,,,none,early,large,False,54.66,60,0.0345,50.00,50.00,0,50.20,4,Perceptive,54.00,LOW,LOW,12.86,ev_cfo,0.8000,50,unknown,,50,,20.0,uncrowded,35.0,single_asset,0.80000,0.95,0.85,0.45,0.7
MNMD,214,23.80,,,,,,,,,none,late,small,False,74.72,60,0.1735,50.00,50.00,0,50.00,0,,52.00,MEDIUM,MODERATE,35.09,mcap_per_trial,0.8000,50,unknown,,50,,100.0,highly_crowded,76.0,diversified,0.83500,0.95,0.95,0.45,0.7
VKTX,215,23.72,,,,,,,,,sev1,late,mid,False,7.25,60,-0.3819,50.00,50.00,0,62.40,6,Baker Bros,50,UNKNOWN,UNKNOWN,24.53,mcap_per_trial,0.8000,50,unknown,,50,,75.0,uncrowded,79.0,diversified,0.83500,0.95,0.95,0.45,0.7
OCS,216,23.62,,,,,,,,,none,late,small,False,80.71,60,0.2155,70.00,59.07,33.55,52.40,1,,50,UNKNOWN,UNKNOWN,12.86,ev_cfo,0.8000,50,unknown,,50,,75.0,uncrowded,72.0,diversified,0.83500,0.95,0.95,0.45,0.7
NKTX,217,23.59,,,,,,,,,none,mid,micro,False,52.93,60,0.0217,50.00,50.00,0,54.00,1,RA Capital,50,UNKNOWN,UNKNOWN,73.64,mcap_per_trial,0.8000,50,unknown,,50,,100.0,highly_crowded,70.0,focused,0.83000,0.95,0.95,0.45,0.7
PGEN,218,23.43,,,,,,,,,sev1,late,small,False,92.75,60,0.3112,50.00,50.00,0,50.00,0,,59.00,MEDIUM,MODERATE,33.23,mcap_per_trial,0.8000,50,unknown,,50,,75.0,uncrowded,70.0,focused,0.83500,0.95,0.95,0.45,0.7
IKT,219,23.33,,,,,,,,,none,late,micro,False,26.72,60,-0.1634,50.00,50.00,0,52.40,1,,50,UNKNOWN,UNKNOWN,69.88,mcap_per_trial,0.8000,50,unknown,,50,,100.0,highly_crowded,71.0,focused,0.80500,0.95,0.85,0.45,0.7
ENGN,220,23.01,,,,,,,,,none,mid,small,False,92.75,60,0.7154,50.00,50.00,0,54.80,2,,50,UNKNOWN,UNKNOWN,50,neutral,0.2,50,unknown,,50,,100.0,highly_crowded,35.0,single_asset,0.74500,0.95,0.85,0.45,0.7
APGE,221,22.91,,,,,,,,,none,mid,mid,False,80.75,60,0.2158,50.00,50.00,0,54.80,5,,75.00,MEDIUM,HIGH,10.00,mcap_per_trial,0.8000,50,unknown,,50,,100.0,highly_crowded,67.0,focused,0.83500,0.95,0.95,0.45,0.7
LGND,222,22.60,,,,,,,,,none,late,mid,False,31.11,60,-0.1399,50.00,50.00,0,50.00,0,,55.00,LOW,LOW,12.86,ev_cfo,0.8000,50,unknown,,50,,90.0,moderate,84.0,diversified,0.83000,0.95,0.95,0.45,0.7
SRRK,223,22.49,,,,,,,,,sev1,late,mid,False,68.65,60,0.1382,50.00,50.00,0,50.00,0,,84.00,MEDIUM,HIGH,12.73,mcap_per_trial,0.8000,50,unknown,,50,,100.0,highly_crowded,82.0,diversified,0.83000,0.95,0.95,0.45,0.7
OBIO,224,22.43,,,,,,,,,none,early,micro,False,35.63,60,-0.1064,50.00,50.00,0,51.20,2,,53.00,LOW,LOW,50,neutral,0.2,50,unknown,,50,,100.0,highly_crowded,53.0,focused,0.74000,0.95,0.85,0.45,0.7
DYN,225,21.61,,,,,,,,,sev1,early,mid,False,18.53,60,-0.2209,50.00,50.00,0,62.00,13,Perceptive,69.00,LOW,MODERATE,50,neutral,0.2,50,unknown,,50,,10.0,uncrowded,35.0,single_asset,0.74500,0.95,0.85,0.45,0.7
STOK,226,21.42,,,,,,,,,none,late,small,False,64.57,60,0.1079,50.00,50.00,0,64.40,8,Baker Bros,80.00,MEDIUM,HIGH,66.43,ev_cfo,0.8000,50,unknown,,50,,10.0,uncrowded,68.0,focused,0.80000,0.95,0.85,0.45,0.7
ZVRA,227,20.69,,,,,,,,,none,late,small,False,7.25,60,-0.3747,50.00,50.00,0,50.00,0,,77.00,LOW,MODERATE,47.52,mcap_per_trial,0.8000,50,unknown,,50,,60.0,uncrowded,72.0,diversified,0.83500,0.95,0.95,0.45,0.7
RAPT,228,20.67,,,,,,,,,none,mid,small,False,92.75,60,1.8502,50.00,50.00,0,62.60,6,,44.00,LOW,LOW,37.27,mcap_per_trial,0.8000,50,unknown,,50,,100.0,highly_crowded,78.0,diversified,0.83500,0.95,0.95,0.45,0.7
HUMA,229,20.66,,,,,,,,,sev1,early,micro,False,7.25,60,-0.5989,50.00,50.00,0,50.00,0,,68.00,MEDIUM,HIGH,50,neutral,0.2,50,unknown,,50,,10.0,uncrowded,35.0,single_asset,0.74500,0.95,0.85,0.45,0.7
NTLA,230,20.61,,,,,,,,,sev1,early,small,False,51.59,60,0.0117,50.00,50.00,0,58.80,5,Baker Bros,94.00,HIGH,EXTREME,50,neutral,0.2,48.08,exceptional,Regeneron,50,,100.0,highly_crowded,35.0,single_asset,0.74000,0.95,0.85,0.45,0.7
KRYS,231,20.55,,,,,,,,,none,early,mid,False,90.53,60,0.2844,80.00,68.61,42.04,62.60,7,Perceptive,75.00,MEDIUM,MODERATE,12.86,ev_cfo,0.8000,50,unknown,,69.0,ODD; BTD,25.0,uncrowded,35.0,single_asset,0.84500,0.95,0.85,0.65,0.7
PSNL,232,20.28,,,,,,,,,none,early,small,False,88.04,60,0.2669,50.00,50.00,0,50.00,0,,62.00,LOW,MODERATE,50,neutral,0.2,50,unknown,,50,,100.0,highly_crowded,35.0,single_asset,0.74500,0.95,0.85,0.45,0.7
ADCT,233,20.27,,,,,,,,,none,mid,small,False,14.06,60,-0.2522,50.00,50.00,0,50.60,1,,71.00,LOW,LOW,50,neutral,0.2,50,unknown,,50,,100.0,highly_crowded,46.0,concentrated,0.74500,0.95,0.85,0.45,0.7
NUVL,234,20.20,,,,,,,,,none,late,mid,False,40.72,60,-0.0688,73.70,57.61,20.07,59.60,6,Baker Bros; Perceptive; RA Capital,67.00,LOW,MODERATE,10.00,mcap_per_trial,0.8000,50,unknown,,50,,100.0,highly_crowded,76.0,diversified,0.83000,0.95,0.95,0.45,0.7
OPCH,235,19.83,,,,,,,,,none,early,mid,False,51.50,60,0.0111,50.00,50.00,0,50.00,0,,60.00,LOW,LOW,47.86,ev_cfo,0.8000,50,unknown,,50,,100.0,highly_crowded,35.0,single_asset,0.80000,0.95,0.85,0.45,0.7
RGEN,236,19.61,,,,,,,,,none,late,mid,False,40.21,60,-0.0725,50.00,50.00,0,59.00,6,,65.00,LOW,LOW,12.86,ev_cfo,0.8000,50,unknown,,50,,75.0,uncrowded,76.0,diversified,0.83000,0.95,0.95,0.45,0.7
KURA,237,19.46,,,,,,,,,sev1,late,small,False,18.87,60,-0.2185,50.00,50.00,0,52.40,1,,57.00,LOW,MODERATE,82.92,mcap_per_trial,0.8000,50,unknown,,50,,100.0,highly_crowded,83.0,broad_portfolio,0.83500,0.95,0.95,0.45,0.7
BDTX,238,19.30,,,,,,,,,none,mid,micro,False,7.25,60,-0.3738,50.00,50.00,0,50.00,0,,75.00,LOW,LOW,90.00,ev_cfo,0.8000,50,unknown,,50,,100.0,highly_crowded,46.0,concentrated,0.80500,0.95,0.85,0.45,0.7
VCYT,239,18.44,,,,,,,,,none,early,mid,False,38.20,60,-0.0874,50.00,50.00,0,48.80,6,,69.00,LOW,LOW,40.71,ev_cfo,0.8000,50,unknown,,50,,100.0,highly_crowded,35.0,single_asset,0.80000,0.95,0.85,0.45,0.7
TEM,240,17.89,,,,,,,,,none,early,large,False,7.25,60,-0.3026,50.00,50.00,0,54.20,3,,65.00,MEDIUM,MODERATE,20.74,ev_revenue,0.8000,50,unknown,,50,,20.0,uncrowded,50.0,focused,0.80500,0.95,0.85,0.45,0.7
EYPT,241,17.03,,,,,,,,,sev2,late,small,False,46.87,60,-0.0232,86.48,65.84,17.69,57.20,3,,68.00,LOW,MODERATE,65.53,mcap_per_trial,0.8000,50,unknown,,50,,75.0,uncrowded,86.0,broad_portfolio,0.83000,0.95,0.95,0.45,0.7
ARDX,242,16.89,,,,,,,,,sev2,late,small,False,69.80,60,0.1467,50.00,50.00,0,52.40,1,,55.00,LOW,MODERATE,49.47,ev_revenue,0.8000,50,unknown,,50,,75.0,uncrowded,83.0,broad_portfolio,0.83000,0.95,0.95,0.45,0.7
CTMX,243,16.19,,,,,,,,,none,mid,small,False,92.75,60,0.5726,50.00,50.00,0,67.60,7,Baker Bros; RA Capital,59.00,LOW,MODERATE,39.09,mcap_per_trial,0.8000,50,unknown,,50,,100.0,highly_crowded,64.0,focused,0.83500,0.95,0.95,0.45,0.7
RNA,244,15.76,,,,,,,,,sev2,late,large,False,43.84,60,-0.0456,50.00,50.00,0,70.80,9,Baker Bros; RA Capital,60.00,LOW,LOW,21.43,mcap_per_trial,0.8000,50,unknown,,50,,75.0,uncrowded,83.0,broad_portfolio,0.83000,0.95,0.95,0.45,0.7
IVVD,245,15.63,,,,,,,,,sev1,late,small,False,92.75,60,0.3146,73.70,57.61,20.07,55.80,2,RA Capital,59.00,MEDIUM,MODERATE,59.94,mcap_per_trial,0.8000,50,unknown,,50,,100.0,highly_crowded,76.0,diversified,0.83500,0.95,0.95,0.45,0.7
CYTK,246,15.48,,,,,,,,,sev2,late,mid,False,59.37,60,0.0694,66.00,56.93,35.77,52.40,1,,66.00,LOW,MODERATE,33.85,mcap_per_trial,0.8000,40.75,strong,Novartis,50,,100.0,highly_crowded,86.0,broad_portfolio,0.87000,0.95,0.95,0.65,0.7
CRVS,247,15.30,,,,,,,,,none,late,small,False,92.75,60,2.3297,50.00,50.00,0,54.80,2,,62.00,MEDIUM,HIGH,38.20,mcap_per_trial,0.8000,50,unknown,,50,,100.0,highly_crowded,78.0,diversified,0.83500,0.95,0.95,0.45,0.7
SLDB,248,15.09,,,,,,,,,sev2,mid,small,False,40.72,60,-0.0688,98.00,80.39,39.31,59.00,5,RA Capital,73.00,MEDIUM,MODERATE,88.18,mcap_per_trial,0.8000,50,unknown,,50,,75.0,uncrowded,79.0,broad_portfolio,0.87000,0.95,0.95,0.65,0.7
ERAS,249,14.64,,,,,,,,,none,late,mid,False,92.75,60,3.5946,86.48,65.84,17.69,50.00,0,,51.00,LOW,LOW,29.50,mcap_per_trial,0.8000,50,unknown,,50,,90.0,moderate,79.0,diversified,0.83500,0.95,0.95,0.45,0.7
BBIO,250,14.48,,,,,,,,,sev1,early,large,False,60.52,60,0.0779,50.00,50.00,0,60.80,11,,79.00,LOW,MODERATE,10.00,ev_revenue,0.8000,50,unknown,,50,,100.0,highly_crowded,42.0,concentrated,0.80000,0.95,0.85,0.45,0.7
SVRA,251,13.98,,,,,,,,,sev1,late,small,False,87.72,60,0.2647,50.00,50.00,0,50.00,0,,57.00,LOW,MODERATE,52.48,mcap_per_trial,0.8000,50,unknown,,50,,100.0,highly_crowded,84.0,diversified,0.83500,0.95,0.95,0.45,0.7
ACRS,252,13.88,,,,,,,,,sev2,late,small,False,92.75,60,0.5373,50.00,50.00,0,53.00,6,,57.00,LOW,LOW,90.00,mcap_per_trial,0.8000,50,unknown,,50,,75.0,uncrowded,83.0,broad_portfolio,0.83500,0.95,0.95,0.45,0.7
MTSR,253,13.76,,,,,,,,,none,late,mid,False,50,,,68.90,58.89,35.54,58.80,3,RA Capital,50,UNKNOWN,UNKNOWN,10.00,mcap_per_trial,0.8000,50,unknown,,50,,100.0,highly_crowded,72.0,diversified,0.68000,0.65,0.95,0.45,0.7
CELC,254,13.62,,,,,,,,,none,late,mid,False,92.75,60,0.5527,50.00,50.00,0,58.80,3,Baker Bros,50,UNKNOWN,UNKNOWN,17.70,mcap_per_trial,0.8000,50,unknown,,50,,100.0,highly_crowded,79.0,diversified,0.83500,0.95,0.95,0.45,0.7
LQDA,255,13.43,,,,,,,,,sev1,late,mid,False,92.75,60,0.4480,50.00,50.00,0,53.00,2,,86.00,MEDIUM,MODERATE,18.32,mcap_per_trial,0.8000,50,unknown,,50,,100.0,highly_crowded,79.0,diversified,0.83500,0.95,0.95,0.45,0.7
EPRX,256,13.29,,,,,,,,,sev2,mid,small,False,79.67,60,0.2082,50.00,50.00,0,57.20,3,,44.00,LOW,LOW,48.18,mcap_per_trial,0.8000,50,unknown,,50,,25.0,uncrowded,64.0,focused,0.80500,0.95,0.85,0.45,0.7
ANNX,257,13.04,,,,,,,,,sev2,early,small,False,92.75,60,0.8411,50.00,50.00,0,58.40,5,,57.00,LOW,MODERATE,50,neutral,0.2,50,unknown,,50,,100.0,highly_crowded,35.0,single_asset,0.74500,0.95,0.85,0.45,0.7
SYRE,258,13.00,,,,,,,,,sev2,mid,mid,False,92.75,60,0.3086,80.00,71.67,52.22,58.40,6,Baker Bros,73.00,MEDIUM,MODERATE,17.27,mcap_per_trial,0.8000,50,unknown,,50,,100.0,highly_crowded,67.0,focused,0.87500,0.95,0.95,0.65,0.7
EDIT,259,12.91,,,,,,,,,sev2,early,micro,False,7.25,60,-0.4197,50.00,50.00,0,50.00,0,,59.00,LOW,MODERATE,80.36,mcap_per_trial,0.8000,39.40,strong,Bristol-Myers Squibb,76.2,ODD; BTD; RMAT,100.0,highly_crowded,64.0,focused,0.83500,0.95,0.95,0.45,0.7
BLTE,260,12.81,,,,,,,,,sev2,late,mid,False,92.75,60,0.4775,50.00,50.00,0,50.00,0,,50,UNKNOWN,UNKNOWN,10.00,mcap_per_trial,0.8000,50,unknown,,50,,75.0,uncrowded,76.0,diversified,0.74500,0.65,0.95,0.45,0.7
PRLD,261,12.78,,,,,,,,,sev2,mid,micro,False,92.75,60,0.3212,50.00,50.00,0,54.00,1,Baker Bros,50,UNKNOWN,UNKNOWN,90.00,mcap_per_trial,0.8000,50,unknown,,50,,100.0,highly_crowded,72.0,diversified,0.83500,0.95,0.95,0.45,0.7
ABOS,262,12.54,,,,,,,,,sev2,mid,micro,False,82.18,60,0.2258,50.00,50.00,0,54.00,1,RA Capital,50,UNKNOWN,UNKNOWN,70.00,mcap_per_trial,0.8000,50,unknown,,50,,100.0,highly_crowded,64.0,focused,0.80500,0.95,0.85,0.45,0.7
AVIR,263,12.14,,,,,,,,,sev2,mid,small,False,38.43,60,-0.0857,50.00,50.00,0,50.00,0,,76.00,LOW,MODERATE,90.00,ev_revenue,0.8000,50,unknown,,50,,100.0,highly_crowded,64.0,focused,0.83000,0.95,0.95,0.45,0.7
CNTA,264,12.05,,,,,,,,,sev1,mid,mid,False,42.21,60,-0.0577,50.00,50.00,0,62.00,5,,61.00,LOW,LOW,10.00,mcap_per_trial,0.8000,50,unknown,,50,,75.0,uncrowded,67.0,focused,0.83000,0.95,0.95,0.45,0.7
VOR,265,12.05,,,,,,,,,sev1,late,small,False,7.25,60,-0.5883,50.00,50.00,0,54.00,1,RA Capital,41.00,LOW,LOW,54.97,mcap_per_trial,0.8000,50,unknown,,50,,100.0,highly_crowded,82.0,diversified,0.83500,0.95,0.95,0.45,0.7
WVE,266,11.98,,,,,,,,,sev1,mid,mid,False,71.49,60,0.1508,50.00,50.00,0,62.80,4,Baker Bros; RA Capital,64.00,LOW,LOW,24.55,mcap_per_trial,0.8000,50,unknown,,50,,100.0,highly_crowded,72.0,diversified,0.83500,0.95,0.95,0.45,0.7
LRMR,267,11.77,,,,,,,,,sev2,mid,small,False,11.47,60,-0.2704,50.00,50.00,0,57.80,4,RA Capital,77.00,MEDIUM,MODERATE,71.82,mcap_per_trial,0.8000,50,unknown,,50,,35.0,uncrowded,72.0,diversified,0.83500,0.95,0.95,0.45,0.7
DNTH,268,11.46,,,,,,,,,sev1,late,mid,False,92.75,60,0.5160,50.00,50.00,0,60.40,3,Baker Bros; RA Capital,50,UNKNOWN,UNKNOWN,10.87,mcap_per_trial,0.8000,50,unknown,,50,,100.0,highly_crowded,64.0,focused,0.80500,0.95,0.85,0.45,0.7
LENZ,269,10.45,,,,,,,,,sev2,late,small,False,7.25,60,-0.4887,50.00,50.00,0,60.20,6,RA Capital,69.00,HIGH,MODERATE,64.29,mcap_per_trial,0.8000,50,unknown,,50,,10.0,uncrowded,76.0,diversified,0.83500,0.95,0.95,0.45,0.7
URGN,270,9.89,,,,,,,,,sev2,late,small,False,27.80,60,-0.1558,63.40,49.41,16.78,54.80,2,,68.00,MEDIUM,HIGH,72.36,mcap_per_trial,0.8000,50,unknown,,50,,100.0,highly_crowded,83.0,broad_portfolio,0.83500,0.95,0.95,0.45,0.7
SION,271,9.26,,,,,,,,,sev2,early,small,False,91.92,60,0.2942,50.00,50.00,0,61.60,4,Baker Bros; RA Capital,65.00,LOW,MODERATE,50,neutral,0.2,50,unknown,,50,,75.0,uncrowded,49.0,concentrated,0.74500,0.95,0.85,0.45,0.7
ADPT,272,9.03,,,,,,,,,sev2,early,mid,False,49.25,60,-0.0056,50.00,50.00,0,50.00,0,,68.00,LOW,LOW,19.68,ev_revenue,0.8000,41.62,exceptional,Genentech,67.2,ODD; RMAT,100.0,highly_crowded,74.0,diversified,0.83000,0.95,0.95,0.45,0.7
ALMS,273,8.86,,,,,,,,,sev2,late,mid,False,92.75,60,3.9195,50.00,50.00,0,59.00,6,Baker Bros,44.00,MEDIUM,LOW,30.75,mcap_per_trial,0.8000,50,unknown,,50,,100.0,highly_crowded,79.0,diversified,0.83500,0.95,0.95,0.45,0.7
STRO,274,8.82,,,,,,,,,sev2,mid,micro,False,92.75,60,0.3875,50.00,50.00,0,50.00,0,,56.00,LOW,LOW,80.91,mcap_per_trial,0.8000,50,unknown,,50,,100.0,highly_crowded,64.0,focused,0.83500,0.95,0.95,0.45,0.7
OCGN,275,8.65,,,,,,,,,sev2,late,small,False,42.37,60,-0.0565,87.33,71.88,35.84,50.00,0,,78.00,MEDIUM,MODERATE,58.70,mcap_per_trial,0.8000,50,unknown,,50,,100.0,highly_crowded,79.0,diversified,0.87000,0.95,0.95,0.65,0.7
IOVA,276,8.33,,,,,,,,,sev2,late,small,False,59.89,60,0.0732,50.00,50.00,0,54.80,3,Perceptive,76.00,HIGH,HIGH,64.91,mcap_per_trial,0.8000,50,unknown,,50,,100.0,highly_crowded,83.0,broad_portfolio,0.83000,0.95,0.95,0.45,0.7
KOD,277,8.11,,,,,,,,,sev2,late,small,False,92.75,60,0.5126,100.00,93.66,78.85,57.20,3,Baker Bros,57.00,MEDIUM,MODERATE,44.41,mcap_per_trial,0.8000,50,unknown,,50,,75.0,uncrowded,80.0,broad_portfolio,0.87500,0.95,0.95,0.65,0.7
IBRX,278,7.93,,,,,,,,,sev2,early,mid,False,92.75,60,1.3459,50.00,50.00,0,50.00,0,,56.00,HIGH,HIGH,50,neutral,0.2,50,unknown,,50,,100.0,highly_crowded,35.0,single_asset,0.74500,0.95,0.85,0.45,0.7
EOLS,279,7.90,,,,,,,,,sev2,late,small,False,7.25,60,-0.4594,50.00,50.00,0,50.60,5,,71.00,LOW,MODERATE,85.64,ev_revenue,0.8000,50,unknown,,50,,20.0,uncrowded,72.0,diversified,0.83500,0.95,0.95,0.45,0.7
PRAX,280,7.26,,,,,,,,,sev2,mid,mid,False,92.75,60,1.8917,50.00,50.00,0,65.60,7,Baker Bros,57.00,LOW,LOW,10.00,mcap_per_trial,0.8000,50,unknown,,50,,100.0,highly_crowded,67.0,focused,0.83500,0.95,0.95,0.45,0.7
NMRA,281,6.94,,,,,,,,,sev2,late,small,False,13.48,60,-0.2563,97.76,84.74,54.36,52.40,3,,61.00,LOW,MODERATE,68.01,mcap_per_trial,0.8000,50,unknown,,50,,100.0,highly_crowded,72.0,diversified,0.87500,0.95,0.95,0.65,0.7
BMEA,282,6.77,,,,,,,,,sev2,mid,micro,False,7.25,60,-0.3066,50.00,50.00,0,51.20,3,,50,UNKNOWN,UNKNOWN,90.00,ev_revenue,0.8000,50,unknown,,50,,100.0,highly_crowded,70.0,focused,0.83500,0.95,0.95,0.45,0.7
VRDN,283,6.68,,,,,,,,,sev2,late,mid,False,92.43,60,0.2978,50.00,50.00,0,56.40,2,Baker Bros,50,UNKNOWN,UNKNOWN,23.29,mcap_per_trial,0.8000,50,unknown,,50,,75.0,moderate,68.0,diversified,0.83500,0.95,0.95,0.45,0.7
PHAT,284,5.76,,,,,,,,,sev2,early,small,False,32.95,60,-0.1263,50.00,50.00,0,50.00,0,,88.00,MEDIUM,HIGH,50,neutral,0.2,50,unknown,,50,,15.0,uncrowded,35.0,single_asset,0.74000,0.95,0.85,0.45,0.7
FULC,285,5.34,,,,,,,,,sev2,late,small,False,56.05,60,0.0448,50.00,50.00,0,55.40,2,RA Capital,68.00,LOW,LOW,56.21,mcap_per_trial,0.8000,50,unknown,,50,,100.0,highly_crowded,79.0,diversified,0.83000,0.95,0.95,0.45,0.7
SMMT,286,4.70,,,,,,,,,sev2,late,large,False,7.25,60,-0.4627,50.00,50.00,0,57.60,4,Baker Bros,67.00,HIGH,HIGH,10.00,mcap_per_trial,0.8000,50,unknown,,50,,100.0,highly_crowded,78.0,diversified,0.83500,0.95,0.95,0.45,0.7
COGT,287,4.34,,,,,,,,,sev2,late,mid,False,92.75,60,1.2828,50.00,50.00,0,59.60,4,,66.00,LOW,MODERATE,18.94,mcap_per_trial,0.8000,50,unknown,,50,,75.0,uncrowded,79.0,diversified,0.83500,0.95,0.95,0.45,0.7
